Country Code,Country Name,Dt Extraction,If Closed due to COVID19 When,Income Level,Region Name,School Status,Year Pre,Year Prm,Year Sec,Year Ter,Latitude (generated),Longitude (generated),Enrollment,Se Pre Enrl,Se Prm Enrl,Se Sec Enrl,Se Ter Enrl
ERI,Eritrea,30-07-2020 17:40,,Low income,Sub-Saharan Africa,Closed,2018,2018,2018,2016,15.982,38.02,"6,67,452","47,047","3,49,753","2,60,421","10,231"
GNB,Guinea-Bissau,30-07-2020 17:40,,Low income,Sub-Saharan Africa,Closed,2010,2010,2006,2006,12.191,-14.475,"3,46,705","8,950","2,78,890","55,176","3,689"
SMR,San Marino,30-07-2020 17:40,01-Mar,High income,Europe and Central Asia,Closed,2018,2018,2018,2018,43.942,12.4611,"4,999",909,"1,698","1,653",739
GEO,Georgia,30-07-2020 17:40,03-Mar,Upper middle income,Europe and Central Asia,Closed,2008,2018,2018,2019,42.05,43.576,"8,15,661","78,642","3,05,368","2,80,425","1,51,226"
ITA,Italy,30-07-2020 17:40,03-Mar,High income,Europe and Central Asia,Closed,2017,2017,2017,2017,44.3713,11.1084,"1,08,76,792","15,35,493","29,02,379","46,01,869","18,37,051"
MNG,Mongolia,30-07-2020 17:40,01-Jan-20,Lower middle income,East Asia and Pacific,Closed,2018,2018,2010,2018,46.516,102.564,"9,99,014","2,56,720","3,11,063","2,75,983","1,55,248"
YEM,"Yemen, Rep.",30-07-2020 17:40,01-Mar-20,Low income,Middle East and North Africa,Closed,2016,2016,2016,2011,15.569,47.793,"61,19,823","36,320","39,00,134","19,15,871","2,67,498"
PSE,West Bank and Gaza,30-07-2020 17:40,05-Mar-20,Lower middle income,Middle East and North Africa,Closed,2018,2018,2018,2018,32.097,35.26,"16,26,357","1,50,851","4,88,184","7,64,986","2,22,336"
BTN,Bhutan,30-07-2020 17:40,09-Mar-20,Lower middle income,South Asia,Closed,2018,2018,2018,2018,27.5342,90.3002,"1,88,432","8,499","91,768","76,221","11,944"
SAU,Saudi Arabia,30-07-2020 17:40,09-Mar-20,High income,Middle East and North Africa,Closed,2018,2018,2018,2018,24.191,44.32,"84,10,264","3,82,601","32,98,788","31,08,384","16,20,491"
BIH,Bosnia and Herzegovina,30-07-2020 17:40,10-Mar,Upper middle income,Europe and Central Asia,Closed,2018,2018,2018,2018,44.342,17.804,"5,23,241","21,005","1,59,380","2,47,714","95,142"
MKD,North Macedonia,30-07-2020 17:40,10-Mar,Upper middle income,Europe and Central Asia,Closed,2017,2017,2017,2017,41.636,21.676,"3,59,623","27,886","1,09,121","1,61,128","61,488"
PHL,Philippines,30-07-2020 17:40,10-Mar-20,Lower middle income,East Asia and Pacific,Closed,2017,2017,2017,2017,17.181,121.256,"2,84,51,212","18,14,713","1,40,39,867","90,07,148","35,89,484"
AZE,Azerbaijan,30-07-2020 17:40,11-Mar,Upper middle income,Europe and Central Asia,Closed,2018,2018,2018,2018,40.46,47.883,"19,83,999","2,03,011","6,35,153","9,45,226","2,00,609"
CZE,Czech Republic,30-07-2020 17:40,11-Mar,High income,Europe and Central Asia,Closed,2017,2017,2017,2017,49.848,15.2812,"20,68,763","3,67,453","5,75,980","7,72,457","3,52,873"
MDA,Moldova,30-07-2020 17:40,11-Mar,Lower middle income,Europe and Central Asia,Closed,2018,2018,2018,2018,47.524,28.444,"5,86,158","1,32,459","1,40,141","2,26,281","87,277"
PAN,Panama,30-07-2020 17:40,11-Mar,High income,Latin America and Caribbean,Closed,2017,2017,2017,2016,8.348,-81.005,"9,98,348","95,481","4,18,852","3,22,913","1,61,102"
PRY,Paraguay,30-07-2020 17:40,11-Mar,Upper middle income,Latin America and Caribbean,Closed,2016,2016,2016,2010,-23.266,-58.409,"17,44,889","1,81,007","7,27,363","6,11,308","2,25,211"
RKS,Kosovo,30-07-2020 17:40,12-Mar,,,Closed,,,,,,,,,,,
CRI,Costa Rica,30-07-2020 17:40,12-Mar,Upper middle income,Latin America and Caribbean,Closed,2018,2018,2018,2018,10.126,-84.075,"13,17,482","1,40,344","4,83,770","4,76,668","2,16,700"
IRL,Ireland,30-07-2020 17:40,12-Mar,High income,Europe and Central Asia,Closed,2017,2017,2017,2017,53.214,-7.588,"12,89,122","1,12,646","5,59,151","3,92,294","2,25,031"
LVA,Latvia,30-07-2020 17:40,12-Mar,High income,Europe and Central Asia,Closed,2017,2017,2017,2017,57.017,25.0173,"3,96,782","75,002","1,21,506","1,17,360","82,914"
SLV,El Salvador,30-07-2020 17:40,12-Mar,Lower middle income,Latin America and Caribbean,Closed,2018,2018,2018,2018,13.848,-89.229,"16,04,845","2,30,010","6,62,740","5,21,576","1,90,519"
TUR,Turkey,30-07-2020 17:40,12-Mar,Upper middle income,Europe and Central Asia,Closed,2017,2017,2017,2017,39.144,34.188,"2,49,01,924","13,26,123","49,72,430","1,14,04,385","71,98,987"
ARG,Argentina,30-07-2020 17:40,13-Mar,Upper middle income,Latin America and Caribbean,Closed,2017,2017,2017,2017,-33.166,-64.31,"1,42,02,149","16,94,680","47,53,843","46,12,663","31,40,963"
BGR,Bulgaria,30-07-2020 17:40,13-Mar,Upper middle income,Europe and Central Asia,Closed,2017,2017,2017,2017,42.625,24.521,"12,24,406","2,24,380","2,64,503","4,85,586","2,49,937"
BOL,Bolivia,30-07-2020 17:40,13-Mar,Lower middle income,Latin America and Caribbean,Closed,2018,2018,2018,,-16.71,-65.183,"29,66,735","3,53,898","13,79,099","12,33,738",
ECU,Ecuador,30-07-2020 17:40,13-Mar,Upper middle income,Latin America and Caribbean,Closed,2018,2018,2018,2015,-1.151,-78.308,"51,31,897","6,38,551","19,32,261","18,91,648","6,69,437"
HND,Honduras,30-07-2020 17:40,13-Mar,Lower middle income,Latin America and Caribbean,Closed,2017,2017,2017,2018,14.881,-87.123,"22,90,953","2,45,010","11,23,945","6,55,090","2,66,908"
JAM,Jamaica,30-07-2020 17:40,13-Mar,Upper middle income,Latin America and Caribbean,Closed,2018,2018,2018,2015,18.163,-77.477,"6,27,156","1,03,220","2,48,836","2,00,563","74,537"
MNE,Montenegro,30-07-2020 17:40,13-Mar,Upper middle income,Europe and Central Asia,Closed,2018,2018,2018,2018,42.857,19.096,"1,35,689","15,490","39,288","57,085","23,826"
USA,United States,30-07-2020 17:40,13-Mar,High income,North America,Closed,2017,2017,2017,2017,40.0792,-98.8164,"7,76,78,496","87,52,326","2,51,23,678","2,47,87,964","1,90,14,530"
GAB,Gabon,30-07-2020 17:40,13-Mar-20,Upper middle income,Sub-Saharan Africa,Closed,2011,2011,2002,2003,-0.406,11.914,"4,78,438","45,225","3,17,946","1,05,191","10,076"
LKA,Sri Lanka,30-07-2020 17:40,13-Mar-20,Upper middle income,South Asia,Closed,2018,2018,2018,2018,7.3,80.727,"52,18,372","4,64,189","17,25,424","27,27,965","3,00,794"
PAK,Pakistan,30-07-2020 17:40,13-Mar-20,Lower middle income,South Asia,Closed,2018,2018,2018,2018,28.1854,66.6429,"4,68,03,404","86,36,383","2,29,31,304","1,33,57,618","18,78,101"
MSR,Montserrat,30-07-2020 17:40,14-Mar,,,Closed,2018,,,2010,16.7492,-62.1928,146,85,,,61
SUR,Suriname,30-07-2020 17:40,14-Mar,Upper middle income,Latin America and Caribbean,Closed,2018,2018,2018,2002,4.248,-55.848,"1,49,434","18,150","67,690","58,408","5,186"
TTO,Trinidad and Tobago,30-07-2020 17:40,14-Mar,High income,Latin America and Caribbean,Closed,2007,2010,2004,2004,10.4435,-61.2604,"2,83,067","29,585","1,31,350","1,05,381","16,751"
MRT,Mauritania,30-07-2020 17:40,14-Mar-20,Lower middle income,Sub-Saharan Africa,Closed,2015,2018,2018,2017,19.413,-10.6528,"9,47,589","36,182","6,55,261","2,36,775","19,371"
SDN,Sudan,30-07-2020 17:40,14-Mar-20,Lower middle income,Sub-Saharan Africa,Closed,2017,2017,2017,2015,15.739,29.533,"88,24,167","10,66,381","48,99,664","22,05,034","6,53,088"
SEN,Senegal,30-07-2020 17:40,14-Mar-20,Lower middle income,Sub-Saharan Africa,Closed,2018,2018,2018,2018,15.044,-15.081,"36,60,526","2,46,677","21,42,227","10,86,743","1,84,879"
AFG,Afghanistan,30-07-2020 17:40,15-Mar-20,Low income,South Asia,Closed,2003,2018,2018,2018,34.023,65.5267,"1,00,03,625","24,220","65,44,906","30,63,889","3,70,610"
JOR,Jordan,30-07-2020 17:40,15-Mar-20,Upper middle income,Middle East and North Africa,Closed,2018,2018,2018,2018,30.681,36.279,"23,72,736","1,28,036","11,33,982","7,89,822","3,20,896"
RWA,Rwanda,30-07-2020 17:40,15-Mar-20,Low income,Sub-Saharan Africa,Closed,2018,2018,2018,2018,-1.887,29.904,"34,64,409","2,26,706","25,03,705","6,58,285","75,713"
ATG,Antigua and Barbuda,30-07-2020 17:40,16-Mar,High income,Latin America and Caribbean,Closed,2018,2018,2018,2012,17.625,-61.786,"21,821","2,050","10,123","7,856","1,792"
BHS,"Bahamas, The",30-07-2020 17:40,16-Mar,High income,Latin America and Caribbean,Closed,2018,2018,2018,1995,24.7032,-78.0455,"63,942","3,594","29,504","26,884","3,960"
BLZ,Belize,30-07-2020 17:40,16-Mar,Upper middle income,Latin America and Caribbean,Closed,2018,2018,2018,2017,17.108,-88.744,"1,07,891","7,349","50,764","40,353","9,425"
BRA,Brazil,30-07-2020 17:40,16-Mar,Upper middle income,Latin America and Caribbean,Closed,2017,2017,2017,2017,-11.694,-48.978,"5,28,98,352","51,01,935","1,61,06,812","2,31,18,180","85,71,423"
CHL,Chile,30-07-2020 17:40,16-Mar,High income,Latin America and Caribbean,Closed,2017,2017,2017,2017,-23.176,-69.201,"48,91,092","6,16,615","15,14,761","15,20,724","12,38,992"
COL,Colombia,30-07-2020 17:40,16-Mar,Upper middle income,Latin America and Caribbean,Closed,2011,2018,2018,2018,3.794,-73.606,"1,28,42,289","13,09,386","43,03,833","48,21,029","24,08,041"
CYM,Cayman Islands,30-07-2020 17:40,16-Mar,High income,Latin America and Caribbean,Closed,2018,2018,2018,2008,19.3299,-81.1715,"10,094","1,407","4,299","3,476",912
DOM,Dominican Republic,30-07-2020 17:40,16-Mar,Upper middle income,Latin America and Caribbean,Closed,2018,2018,2018,2017,19.01,-70.1685,"30,06,800","2,99,149","12,26,414","9,24,714","5,56,523"
GRD,Grenada,30-07-2020 17:40,16-Mar,Upper middle income,Latin America and Caribbean,Closed,2018,2018,2018,2018,12.111,-61.6867,"35,288","3,698","13,195","9,135","9,260"
GTM,Guatemala,30-07-2020 17:40,16-Mar,Upper middle income,Latin America and Caribbean,Closed,2018,2018,2018,2015,15.124,-90.711,"45,59,618","6,03,637","23,62,116","12,27,191","3,66,674"
GUY,Guyana,30-07-2020 17:40,16-Mar,Upper middle income,Latin America and Caribbean,Closed,2012,2012,2012,2012,5.17,-58.939,"2,17,151","27,872","94,488","85,934","8,857"
KAZ,Kazakhstan,30-07-2020 17:40,16-Mar,Upper middle income,Europe and Central Asia,Closed,2019,2019,2019,2019,48.866,69.772,"50,60,284","9,85,721","14,61,448","19,28,070","6,85,045"
KGZ,Kyrgyz Republic,30-07-2020 17:40,16-Mar,Lower middle income,Europe and Central Asia,Closed,2018,2018,2018,2018,41.741,75.043,"16,61,618","2,40,098","5,28,627","6,75,200","2,17,693"
LCA,St. Lucia,30-07-2020 17:40,16-Mar,Upper middle income,Latin America and Caribbean,Closed,2018,2018,2018,2018,13.909,-60.9776,"33,162","3,259","15,874","11,792","2,237"
PER,Peru,30-07-2020 17:40,16-Mar,Upper middle income,Latin America and Caribbean,Closed,2018,2018,2018,2017,-12.664,-72.98,"99,11,513","16,42,768","35,92,865","27,79,973","18,95,907"
PRI,Puerto Rico,30-07-2020 17:40,16-Mar,High income,Latin America and Caribbean,Closed,2016,2016,2016,2016,18.242,-66.643,"7,31,094","34,475","2,27,548","2,36,001","2,33,070"
SRB,Serbia,30-07-2020 17:40,16-Mar,Upper middle income,Europe and Central Asia,Closed,2018,2018,2018,2018,44.021,20.699,"12,20,968","1,63,931","2,66,759","5,34,106","2,56,172"
UZB,Uzbekistan,30-07-2020 17:40,16-Mar,Lower middle income,Europe and Central Asia,Closed,2018,2018,2017,2018,41.757,63.958,"74,10,552","7,32,852","24,85,178","38,92,888","2,99,634"
VEN,"Venezuela, RB",30-07-2020 17:40,16-Mar,Upper middle income,Latin America and Caribbean,Closed,2017,2017,2017,2009,6.983,-64.588,"89,89,863","11,90,349","32,85,299","23,91,174","21,23,041"
BGD,Bangladesh,30-07-2020 17:40,16-Mar-20,Lower middle income,South Asia,Closed,2018,2018,2018,2018,24.598,90.1963,"3,99,36,844","35,78,384","1,73,38,100","1,58,69,820","31,50,539"
ETH,Ethiopia,30-07-2020 17:40,16-Mar-20,Low income,Sub-Saharan Africa,Closed,2015,2015,2015,2014,8.435,38.786,"2,44,97,028","25,13,127","1,61,98,047","50,28,678","7,57,175"
KEN,Kenya,30-07-2020 17:40,16-Mar-20,Lower middle income,Sub-Saharan Africa,Closed,2016,2016,2009,2017,0.806,38.166,"1,52,57,191","31,99,841","82,90,450","32,04,379","5,62,521"
MAR,Morocco,30-07-2020 17:40,16-Mar-20,Lower middle income,Middle East and North Africa,Closed,2018,2018,2018,2018,31.129,-7.355,"89,43,156","6,93,233","43,22,623","28,71,043","10,56,257"
MDV,Maldives,30-07-2020 17:40,16-Mar-20,Upper middle income,South Asia,Closed,2017,2017,2004,2017,4.221,73.463,"1,09,688","21,000","45,326","28,878","14,484"
MYS,Malaysia,30-07-2020 17:40,16-Mar-20,Upper middle income,East Asia and Pacific,Closed,2018,2017,2018,2018,4.416,102.099,"79,62,033","9,99,557","30,84,630","25,92,970","12,84,876"
CUW,Curacao,30-07-2020 17:40,17-Mar,High income,Latin America and Caribbean,Closed,,2013,2013,2013,12.2129,-69.0407,"34,227",,"20,812","11,219","2,196"
SXM,Sint Maarten (Dutch part),30-07-2020 17:40,18-Mar,High income,Latin America and Caribbean,Closed,2014,2014,2014,2015,18.034,-63.0544,"7,732","1,148","3,677","2,713",194
GMB,"Gambia, The",30-07-2020 17:40,18-Mar-20,Low income,Sub-Saharan Africa,Closed,2018,2018,2010,2012,13.499,-14.641,"5,97,708","1,17,987","3,50,323","1,24,397","5,001"
THA,Thailand,30-07-2020 17:40,18-Mar-20,Upper middle income,East Asia and Pacific,Closed,2018,2018,2018,2016,15.688,100.845,"1,54,01,441","18,24,392","49,00,785","62,65,551","24,10,713"
TZA,Tanzania,30-07-2020 17:40,18-Mar-20,Low income,Sub-Saharan Africa,Closed,2018,2018,2018,2016,-5.651,34.146,"1,38,61,603","14,22,868","1,01,11,671","21,48,466","1,78,598"
COD,"Congo, Dem. Rep.",30-07-2020 17:40,19-Mar-20,Low income,Sub-Saharan Africa,Closed,2015,2015,2015,2016,-1.418,23.607,"1,91,85,426","3,38,658","1,37,63,196","46,18,895","4,64,678"
MLI,Mali,30-07-2020 17:40,19-Mar-20,Low income,Sub-Saharan Africa,Closed,2018,2018,2018,2017,18.211,-2.209,"37,27,291","1,31,114","24,77,081","10,46,493","72,603"
MUS,Mauritius,30-07-2020 17:40,19-Mar-20,Upper middle income,Sub-Saharan Africa,Closed,2018,2018,2018,2017,-20.2529,57.5902,"2,77,099","26,183","89,642","1,22,424","38,850"
SOM,Somalia,30-07-2020 17:40,19-Mar-20,Low income,Sub-Saharan Africa,Closed,1986,2007,2007,1987,2.875,43.446,"5,61,291","1,558","4,57,132","86,929","15,672"
STP,Sao Tome and Principe,30-07-2020 17:40,19-Mar-20,Lower middle income,Sub-Saharan Africa,Closed,2016,2017,2017,2015,0.216,6.595,"74,610","9,227","37,172","25,875","2,336"
HTI,Haiti,30-07-2020 17:40,20-Mar,Low income,Latin America and Caribbean,Closed,1985,1998,1986,1986,19.3175,-72.4205,"16,56,768","21,000","14,85,722","1,43,758","6,288"
MEX,Mexico,30-07-2020 17:40,20-Mar,Upper middle income,Latin America and Caribbean,Closed,2017,2017,2017,2017,22.925,-101.68,"3,75,89,612","49,42,523","1,41,82,288","1,40,34,552","44,30,248"
VCT,St. Vincent and the Grenadines,30-07-2020 17:40,20-Mar,Upper middle income,Latin America and Caribbean,Closed,2018,2018,2018,2015,13.2528,-61.1949,"27,700","2,514","13,198","9,808","2,180"
NPL,Nepal,30-07-2020 17:40,20-Mar-20,Low income,South Asia,Closed,2019,2019,2019,2018,28.2114,83.5608,"87,96,624","9,58,127","39,70,016","34,63,763","4,04,718"
SYC,Seychelles,30-07-2020 17:40,20-Mar-20,High income,Sub-Saharan Africa,Closed,2018,2018,2018,2018,-4.6841,55.4924,"20,905","3,065","9,258","7,459","1,123"
COG,"Congo, Rep.",30-07-2020 17:40,21-Mar,Lower middle income,Sub-Saharan Africa,Closed,2012,2012,2012,2017,0.509,16.08,"11,82,484","53,920","7,34,493","3,39,250","54,821"
SSD,South Sudan,30-07-2020 17:40,21-Mar-20,Low income,Sub-Saharan Africa,Closed,2015,2015,2015,,7.1,30.48,"15,48,811","1,10,824","12,73,852","1,64,135",
LSO,Lesotho,30-07-2020 17:40,22-Mar-20,Lower middle income,Sub-Saharan Africa,Closed,2016,2017,2017,2018,-29.446,28.371,"5,79,807","53,793","3,67,931","1,36,497","21,586"
NAM,Namibia,30-07-2020 17:40,22-Mar-20,Upper middle income,Sub-Saharan Africa,Closed,2018,2018,2007,2017,-21.276,17.219,"7,48,375","43,448","4,90,719","1,58,162","56,046"
SWZ,Eswatini,30-07-2020 17:40,22-Mar-20,Lower middle income,Sub-Saharan Africa,Closed,2011,2017,2016,2013,-26.5203,31.4607,"3,77,935","24,139","2,37,451","1,08,288","8,057"
BMU,Bermuda,30-07-2020 17:40,23-Mar,High income,North America,Closed,2015,2015,2015,2018,32.3019,-64.7737,"9,339",440,"4,147","4,040",712
DMA,Dominica,30-07-2020 17:40,23-Mar,Upper middle income,Latin America and Caribbean,Closed,2016,2016,2015,1993,15.4238,-61.3411,"15,036","1,668","7,323","5,561",484
RUS,Russian Federation,30-07-2020 17:40,23-Mar,Upper middle income,Europe and Central Asia,Closed,2017,2017,2017,2017,64.736,104.062,"2,86,18,148","62,52,808","65,73,633","99,05,067","58,86,641"
TCA,Turks and Caicos Islands,30-07-2020 17:40,23-Mar,High income,Latin America and Caribbean,Closed,2018,2018,2018,2015,21.7779,-71.7592,"7,359","1,077","3,680","2,316",286
MDG,Madagascar,30-07-2020 17:40,23-Mar-20,Low income,Sub-Saharan Africa,Closed,2018,2018,2018,2018,-19.615,46.645,"74,27,233","8,74,378","48,60,888","15,48,208","1,43,759"
MOZ,Mozambique,30-07-2020 17:40,23-Mar-20,Low income,Sub-Saharan Africa,Closed,1986,2018,2017,2018,-13.852,38.042,"80,38,620","45,100","65,63,376","12,16,214","2,13,930"
MWI,Malawi,30-07-2020 17:40,23-Mar-20,Low income,Sub-Saharan Africa,Closed,2015,2018,2018,2011,-13.2731,33.7428,"68,55,636","13,60,619","44,41,839","10,40,975","12,203"
TLS,Timor-Leste,30-07-2020 17:40,23-Mar-20,Lower middle income,East Asia and Pacific,Closed,2018,2018,2018,2010,-8.856,125.556,"4,08,633","21,399","2,12,849","1,55,832","18,553"
UGA,Uganda,30-07-2020 17:40,23-Mar-20,Low income,Sub-Saharan Africa,Closed,2017,2017,2007,2014,1.9392,32.7415,"1,06,46,478","6,08,973","88,40,589","10,31,520","1,65,396"
TJK,Tajikistan,30-07-2020 17:40,24-Mar,Low income,Europe and Central Asia,Closed,2017,2017,2013,2017,38.367,72.597,"21,90,522","91,081","7,71,040","10,62,975","2,65,426"
AGO,Angola,30-07-2020 17:40,24-Mar-20,Lower middle income,Sub-Saharan Africa,Closed,2016,2015,2016,2016,-12.836,17.808,"86,92,733","7,84,381","56,20,915","20,34,150","2,53,287"
CAF,Central African Republic,30-07-2020 17:40,24-Mar-20,Low income,Sub-Saharan Africa,Closed,2017,2016,2017,2012,7.043,21.424,"9,76,622","12,489","8,13,767","1,37,844","12,522"
IDN,Indonesia,30-07-2020 17:40,24-Mar-20,Lower middle income,East Asia and Pacific,Closed,2018,2018,2018,2018,-0.739,114.045,"6,82,65,784","59,09,251","2,94,25,748","2,48,93,570","80,37,218"
IND,India,30-07-2020 17:40,24-Mar-20,Lower middle income,South Asia,Closed,2017,2017,2018,2018,22.741,78.236,"32,07,13,792","1,00,04,418","14,32,27,424","13,31,44,368","3,43,37,592"
ZWE,Zimbabwe,30-07-2020 17:40,24-Mar-20,Lower middle income,Sub-Saharan Africa,Closed,2013,2013,2013,2015,-19.098,30.047,"41,30,348","3,74,125","26,63,187","9,57,461","1,35,575"
KNA,St. Kitts and Nevis,30-07-2020 17:40,26-Mar,High income,Latin America and Caribbean,Closed,2016,2016,2016,2015,17.147,-62.58,"14,410","1,275","5,452","4,175","3,508"
BRB,Barbados,30-07-2020 17:40,27-Mar,High income,Latin America and Caribbean,Closed,2018,2018,2018,2011,13.1898,-59.559,"57,530","5,320","20,218","19,571","12,421"
PLW,Palau,30-07-2020 17:40,Apirl 3,High income,East Asia and Pacific,Closed,2014,2014,2014,2013,7.5288,134.5573,"4,624",518,"1,639","1,604",863
FSM,"Micronesia, Fed. Sts.",30-07-2020 17:40,"Each State responsible so there isn't one set date but for the last two weeks of March, all schools have been closed.",Lower middle income,East Asia and Pacific,Closed,2015,2015,2005,2000,7.531,150.457,"31,195","2,264","13,758","13,634","1,539"
MMR,Myanmar,30-07-2020 17:40,Schools closed because of holidays,Lower middle income,East Asia and Pacific,Closed,2018,2018,2018,2018,21.841,96.05,"1,05,72,809","1,54,103","52,99,765","41,86,742","9,32,199"
CAN,Canada,30-07-2020 17:40,13-Mar,High income,North America,Closed (in select areas),1996,2017,2017,2017,59.2067,-111.1937,"71,52,802","5,09,589","23,64,626","26,53,009","16,25,578"
KHM,Cambodia,30-07-2020 17:40,14-Mar-20,Lower middle income,East Asia and Pacific,Closed (in select areas),2018,2018,2008,2018,12.69,104.444,"35,41,740","2,52,743","21,47,313","9,30,200","2,11,484"
NGA,Nigeria,30-07-2020 17:40,18-Mar-20,Lower middle income,Sub-Saharan Africa,Closed (in select areas),2010,2016,2016,2011,9.3417,7.678,"3,94,40,016","20,20,668","2,55,91,180","1,03,14,796","15,13,371"
,Syria,30-07-2020 17:40,30-Apr-20,,,Closed (in select areas),,,,,,,,,,,
MHL,Marshall Islands,30-07-2020 17:40,,Upper middle income,East Asia and Pacific,Seasonal school closures,2016,2016,2016,2012,5.961,169.651,"15,933","1,162","7,941","5,500","1,330"
KWT,Kuwait,30-07-2020 17:40,01-Mar-20,High income,Middle East and North Africa,Seasonal school closures,2018,2018,2015,2018,29.3169,47.4272,"7,77,169","78,830","2,79,956","3,02,047","1,16,336"
LBN,Lebanon,30-07-2020 17:40,02-Mar-20,Upper middle income,Middle East and North Africa,Seasonal school closures,2018,2018,2018,2018,34.161,36.021,"13,63,393","2,20,396","5,09,280","4,02,502","2,31,215"
ARE,United Arab Emirates,30-07-2020 17:40,08-Mar-20,High income,Middle East and North Africa,Seasonal school closures,2017,2017,2017,2017,23.9299,53.9031,"13,62,359","1,55,999","4,86,086","5,28,480","1,91,794"
QAT,Qatar,30-07-2020 17:40,10-Mar-20,High income,Middle East and North Africa,Seasonal school closures,2018,2018,2018,2018,25.3174,51.1522,"3,43,524","48,411","1,53,908","1,07,537","33,668"
DZA,Algeria,30-07-2020 17:40,12-Mar-20,Upper middle income,Middle East and North Africa,Seasonal school closures,2011,2018,2011,2018,28.6045,2.64,"1,10,93,218","4,90,035","44,29,994","45,72,513","16,00,676"
TUN,Tunisia,30-07-2020 17:40,12-Mar-20,Lower middle income,Middle East and North Africa,Seasonal school closures,2016,2018,2016,2018,35.594,9.421,"27,71,845","2,50,813","12,01,736","10,47,035","2,72,261"
LBY,Libya,30-07-2020 17:40,13-Mar-20,Upper middle income,Middle East and North Africa,Seasonal school closures,2006,2006,2006,2003,27.24,17.571,"18,85,226","22,246","7,55,338","7,32,614","3,75,028"
EGY,"Egypt, Arab Rep.",30-07-2020 17:40,15-Mar-20,Lower middle income,Middle East and North Africa,Seasonal school closures,2018,2018,2018,2017,26.16,28.742,"2,60,71,892","13,77,342","1,26,43,289","91,36,789","29,14,473"
OMN,Oman,30-07-2020 17:40,15-Mar-20,High income,Middle East and North Africa,Seasonal school closures,2018,2018,2018,2018,19.85,56.25,"9,00,153","79,246","2,78,745","4,22,440","1,19,722"
MLT,Malta,30-07-2020 17:40,17-Mar-20,High income,Middle East and North Africa,Seasonal school closures,2017,2017,2017,2017,35.9024,14.4137,"80,205","9,224","25,796","30,760","14,425"
BHR,Bahrain,30-07-2020 17:40,25-Feb-20,High income,Middle East and North Africa,Seasonal school closures,2018,2018,2018,2018,26.025,50.5534,"2,92,429","34,585","1,13,878","99,026","44,940"
DJI,Djibouti,30-07-2020 17:40,25-Mar-20,Lower middle income,Middle East and North Africa,Seasonal school closures,2019,2019,2019,2011,11.41,42.165,"1,42,564","3,659","68,701","65,499","4,705"
IRQ,Iraq,30-07-2020 17:40,27-Feb-20,Upper middle income,Middle East and North Africa,Seasonal school closures,2007,2007,2007,2005,33.545,43.278,"74,35,696","1,08,929","48,64,350","20,37,509","4,24,908"
BLR,Belarus,30-07-2020 17:40,,Upper middle income,Europe and Central Asia,Open with limitations,2018,2018,2018,2018,53.3292,27.9492,"18,15,809","3,49,373","4,27,752","6,49,357","3,89,327"
BRN,Brunei Darussalam,30-07-2020 17:40,,High income,East Asia and Pacific,Open with limitations,2018,2018,2018,2018,4.452,114.557,"1,08,360","13,869","39,472","44,079","10,940"
JPN,Japan,30-07-2020 17:40,,High income,East Asia and Pacific,Open with limitations,2017,2017,2017,2017,35.962,137.855,"2,03,49,962","28,72,084","65,31,731","70,93,113","38,53,034"
LBR,Liberia,30-07-2020 17:40,,Low income,Sub-Saharan Africa,Open with limitations,2017,2017,2015,2012,6.51,-9.33,"14,15,811","5,09,618","6,35,478","2,26,832","43,883"
NIC,Nicaragua,30-07-2020 17:40,,Lower middle income,Latin America and Caribbean,Open with limitations,2010,2010,2010,2002,12.692,-85.03,"17,07,371","2,18,062","9,23,745","4,65,201","1,00,363"
SWE,Sweden,30-07-2020 17:40,,High income,Europe and Central Asia,Open with limitations,2017,2017,2017,2017,66.2188,19,"26,65,410","4,61,746","8,61,086","9,16,224","4,26,354"
PRT,Portugal,30-07-2020 17:40,08-Mar,High income,Europe and Central Asia,Open with limitations,2017,2017,2017,2017,40.957,-7.9373,"20,00,703","2,53,959","6,29,804","7,69,977","3,46,963"
ALB,Albania,30-07-2020 17:40,09-Mar,Upper middle income,Europe and Central Asia,Open with limitations,2018,2018,2018,2018,40.654,20.076,"6,52,592","81,026","1,70,861","2,68,872","1,31,833"
ISL,Iceland,30-07-2020 17:40,09-Mar,High income,Europe and Central Asia,Open with limitations,2017,2017,2017,2017,64.826,-18.417,"98,224","13,115","31,981","35,161","17,967"
IRN,"Iran, Islamic Rep.",30-07-2020 17:40,01-Mar-20,Upper middle income,Middle East and North Africa,Open with limitations,2016,2017,2017,2017,33.408,54.0418,"1,86,35,824","7,06,093","81,71,667","56,84,238","40,73,827"
SGP,Singapore,30-07-2020 17:40,04-Apr-20,High income,East Asia and Pacific,Open with limitations,1989,2017,2017,2017,1.3389,103.8297,"6,18,445","17,858","2,34,653","1,71,319","1,94,615"
AUS,Australia,30-07-2020 17:40,07-Mar-20,High income,East Asia and Pacific,Open with limitations,2017,2017,2017,2017,-24.578,133.582,"71,70,490","5,28,373","22,16,779","26,50,486","17,74,852"
HUN,Hungary,30-07-2020 17:40,10-Mar,High income,Europe and Central Asia,Open with limitations,2017,2017,2017,2017,47.174,19.618,"17,91,758","3,06,065","3,90,970","8,07,705","2,87,018"
HKG,"Hong Kong SAR, China",30-07-2020 17:40,10-Feb-20,High income,East Asia and Pacific,Open with limitations,2018,2018,2018,2018,22.4114,114.0599,"11,96,009.80","1,82,995","3,65,732","3,49,086","2,98,196.72"
CYP,Cyprus,30-07-2020 17:40,11-Mar,High income,Europe and Central Asia,Open with limitations,2017,2017,2017,2017,34.894,32.928,"1,80,617","24,280","55,862","55,212","45,263"
POL,Poland,30-07-2020 17:40,11-Mar,High income,Europe and Central Asia,Open with limitations,2017,2017,2017,2017,52.442,19.72,"75,53,488","12,99,138","22,96,529","24,07,618","15,50,203"
ROU,Romania,30-07-2020 17:40,11-Mar,Upper middle income,Europe and Central Asia,Open with limitations,2017,2017,2017,2017,45.933,25.119,"34,83,465","5,21,196","9,28,245","15,02,438","5,31,586"
AUT,Austria,30-07-2020 17:40,12-Mar,High income,Europe and Central Asia,Open with limitations,2017,2017,2017,2017,47.65,14.705,"17,08,540.10","2,55,874.83","3,34,933.16","6,87,361.75","4,30,370.41"
BEL,Belgium,30-07-2020 17:40,12-Mar,High income,Europe and Central Asia,Open with limitations,2017,2017,2017,2017,50.6745,4.4588,"29,84,498","4,55,934","8,14,974","11,86,830","5,26,760"
DNK,Denmark,30-07-2020 17:40,12-Mar,High income,Europe and Central Asia,Open with limitations,2017,2017,2017,2017,56.113,9.096,"14,97,943","1,78,961","4,72,523","5,34,080","3,12,379"
LTU,Lithuania,30-07-2020 17:40,12-Mar,High income,Europe and Central Asia,Open with limitations,2017,2017,2017,2017,55.342,24.23,"5,86,120","1,03,736","1,13,881","2,42,640","1,25,863"
NOR,Norway,30-07-2020 17:40,12-Mar,High income,Europe and Central Asia,Open with limitations,2017,2017,2017,2017,61.3701,9.3031,"13,57,563","1,81,358","4,44,638","4,47,525","2,84,042"
UKR,Ukraine,30-07-2020 17:40,12-Mar,Lower middle income,Europe and Central Asia,Open with limitations,2018,2018,2018,2018,49.364,32.132,"67,85,004","11,16,970","16,76,550","23,76,848","16,14,636"
ARM,Armenia,30-07-2020 17:40,13-Mar,Upper middle income,Europe and Central Asia,Open with limitations,2018,2018,2018,2018,40.56,44.449,"5,40,503","49,214","1,53,415","2,34,983","1,02,891"
DEU,Germany,30-07-2020 17:40,13-Mar,High income,Europe and Central Asia,Open with limitations,2017,2017,2017,2017,51.3819,9.9877,"1,53,82,694","23,07,513","29,54,775","70,28,712.50","30,91,694"
ESP,Spain,30-07-2020 17:40,13-Mar,High income,Europe and Central Asia,Open with limitations,2017,2017,2017,2017,40.617,-3.388,"97,06,284","13,21,027","30,42,396","33,32,678","20,10,183"
EST,Estonia,30-07-2020 17:40,13-Mar,High income,Europe and Central Asia,Open with limitations,2017,2017,2017,2017,58.777,25.977,"2,72,781","56,724","85,617","82,646","47,794"
ISR,Israel,30-07-2020 17:40,13-Mar-20,High income,Middle East and North Africa,Open with limitations,2017,2017,2017,2017,30.992,34.834,"26,48,636","5,34,846","9,17,118","8,19,462","3,77,210"
FIN,Finland,30-07-2020 17:40,16-Mar,High income,Europe and Central Asia,Open with limitations,2017,2017,2017,2017,62.716,26.192,"14,09,324","2,06,370","3,63,990","5,43,436","2,95,528"
HRV,Croatia,30-07-2020 17:40,16-Mar,High income,Europe and Central Asia,Open with limitations,2017,2017,2017,2017,45.754,16.385,"7,87,188","1,19,198","1,62,955","3,39,838","1,65,197"
LUX,Luxembourg,30-07-2020 17:40,16-Mar,High income,Europe and Central Asia,Open with limitations,2017,2017,2017,2017,49.671,6.113,"1,09,897","17,176","37,452","48,211","7,058"
NLD,Netherlands,30-07-2020 17:40,16-Mar,High income,Europe and Central Asia,Open with limitations,2017,2017,2017,2017,52.1704,5.0102,"42,11,999","5,04,272","11,81,893","16,50,379","8,75,455"
SVK,Slovak Republic,30-07-2020 17:40,16-Mar,High income,Europe and Central Asia,Open with limitations,2017,2017,2017,2017,48.8595,19.4434,"9,88,103","1,65,009","2,25,427","4,41,619","1,56,048"
SVN,Slovenia,30-07-2020 17:40,16-Mar,High income,Europe and Central Asia,Open with limitations,2017,2017,2017,2017,46.037,14.534,"4,12,224","60,759","1,23,998","1,47,920","79,547"
URY,Uruguay,30-07-2020 17:40,16-Mar,High income,Latin America and Caribbean,Open with limitations,2017,2017,2017,2017,-32.948,-56.249,"9,56,304","1,32,580","3,04,309","3,56,952","1,62,463"
BFA,Burkina Faso,30-07-2020 17:40,16-Mar-20,Low income,Sub-Saharan Africa,Open with limitations,2018,2018,2018,2018,12.673,-1.226,"46,86,723","81,931","32,06,060","12,81,007","1,17,725"
CIV,Cote d'Ivoire,30-07-2020 17:40,16-Mar-20,Lower middle income,Sub-Saharan Africa,Open with limitations,2018,2018,2018,2017,7.497,-5.336,"63,38,832","1,80,176","39,00,222","20,40,520","2,17,914"
GHA,Ghana,30-07-2020 17:40,16-Mar-20,Lower middle income,Sub-Saharan Africa,Open with limitations,2019,2019,2019,2018,7.258,-1.062,"96,96,756","18,52,028","45,49,875","28,51,160","4,43,693"
CHE,Switzerland,30-07-2020 17:40,17-Mar,High income,Europe and Central Asia,Open with limitations,2017,2017,2017,2017,46.7794,8.0329,"15,89,837","1,72,688","5,07,686","6,08,845","3,00,618"
FRA,France,30-07-2020 17:40,17-Mar,High income,Europe and Central Asia,Open with limitations,2017,2017,2017,2017,46.656,2.543,"1,54,62,340","25,61,237","43,09,942","60,58,330","25,32,831"
KOR,"Korea, Rep.",30-07-2020 17:40,18-Feb-20,High income,East Asia and Pacific,Open with limitations,2017,2017,2017,2017,36.338,128.16,"1,01,81,358","12,91,111","26,81,815","30,72,037","31,36,395"
CMR,Cameroon,30-07-2020 17:40,18-Mar-20,Lower middle income,Sub-Saharan Africa,Open with limitations,2018,2018,2016,2017,4.4,12.131,"72,15,039","5,15,914","42,01,988","22,06,878","2,90,259"
LAO,Lao PDR,30-07-2020 17:40,18-Mar-20,Lower middle income,East Asia and Pacific,Open with limitations,2018,2018,2018,2018,19.595,102.538,"17,87,732","2,17,918","7,86,246","6,78,129","1,05,439"
ZAF,South Africa,30-07-2020 17:40,18-Mar-20,Upper middle income,Sub-Saharan Africa,Open with limitations,2017,2017,2017,2017,-31.7,23.441,"1,46,12,546","8,62,195","75,82,154","50,52,180","11,16,017"
GBR,United Kingdom,30-07-2020 17:40,20-Mar,High income,Europe and Central Asia,Open with limitations,2017,2017,2017,2017,52.289,-1.259,"1,54,01,610","17,63,125","48,20,283","63,86,316.50","24,31,886.50"
NER,Niger,30-07-2020 17:40,20-Mar-20,Low income,Sub-Saharan Africa,Open with limitations,2018,2017,2017,2018,16.996,9.915,"38,21,784","1,86,772","27,68,305","7,86,582","80,125"
TCD,Chad,30-07-2020 17:40,20-Mar-20,Low income,Sub-Saharan Africa,Open with limitations,2016,2016,2016,2015,15.981,18.781,"28,04,270","14,114","22,13,223","5,35,112","41,821"
TGO,Togo,30-07-2020 17:40,20-Mar-20,Low income,Sub-Saharan Africa,Open with limitations,2018,2018,2017,2018,7.7,1.106,"25,34,486","1,55,739","15,48,876","7,27,949","1,01,922"
ZMB,Zambia,30-07-2020 17:40,20-Mar-20,Lower middle income,Sub-Saharan Africa,Open with limitations,2016,2017,1994,2012,-15.13,25.268,"37,10,456","1,60,295","32,84,841","2,08,640","56,680"
BWA,Botswana,30-07-2020 17:40,23-Mar-20,Upper middle income,Sub-Saharan Africa,Open with limitations,2015,2015,2008,2017,-22.126,23.662,"5,95,707","33,425","3,44,618","1,68,220","49,444"
NZL,New Zealand,30-07-2020 17:40,24-Mar-20,High income,East Asia and Pacific,Open with limitations,2017,2017,2017,2017,-42.558,172.377,"12,56,983.30","1,17,752.70","3,84,251","4,86,333.88","2,68,645.66"
PNG,Papua New Guinea,30-07-2020 17:40,24-Mar-20,Lower middle income,East Asia and Pacific,Open with limitations,2016,2016,2016,1999,-5.636,142.798,"21,50,504","3,58,198","12,75,085","5,07,278","9,943"
CHN,China,30-07-2020 17:40,25-Jan-20,Upper middle income,East Asia and Pacific,Open with limitations,2018,2018,2018,2018,35.1753,99.3877,"27,71,31,392","4,60,01,393","10,18,72,976","8,43,21,856","4,49,35,168"
GIN,Guinea,30-07-2020 17:40,26-Mar-20,Low income,Sub-Saharan Africa,Open with limitations,2011,2016,2014,2014,10.599,-10.907,"27,61,717","1,51,512","17,76,560","7,15,702","1,17,943"
VNM,Vietnam,30-07-2020 17:40,27-Jan-20,Lower middle income,East Asia and Pacific,Open with limitations,2018,2018,1998,2016,21.75,105.373,"2,17,67,816","45,99,841","80,41,842","68,18,774","23,07,361"
GRC,Greece,30-07-2020 17:40,28-Feb,High income,Europe and Central Asia,Open with limitations,2017,2017,2017,2017,39.787,21.617,"22,04,532","1,52,462","6,49,246","6,67,797","7,35,027"
BEN,Benin,30-07-2020 17:40,30-Mar-20,Low income,Sub-Saharan Africa,Open with limitations,2018,2018,2016,2017,10.478,2.274,"35,15,567","1,72,424","22,23,966","9,92,999","1,26,178"
BEN,Benin,30-07-2020 17:40,31-Mar-20,Low income,Sub-Saharan Africa,Open with limitations,2018,2018,2016,2017,10.478,2.274,"35,15,567","1,72,424","22,23,966","9,92,999","1,26,178"
SLE,Sierra Leone,30-07-2020 17:40,31-Mar-20,Low income,Sub-Saharan Africa,Open with limitations,2018,2018,2017,2002,8.677,-11.779,"19,61,620","90,701","13,69,738","4,92,140","9,041"
CPV,Cabo Verde,30-07-2020 17:40,,Lower middle income,Sub-Saharan Africa,Open,2018,2018,2018,2018,15.416,-23.36,"1,52,574","23,433","64,127","53,355","11,659"
GNQ,Equatorial Guinea,30-07-2020 17:40,,Upper middle income,Sub-Saharan Africa,Open,2015,2015,2005,2000,1.6342,10.4695,"1,59,539","39,596","93,396","25,544","1,003"
TKM,Turkmenistan,30-07-2020 17:40,,Upper middle income,Europe and Central Asia,Open,2014,2014,2014,2014,39.584,59.597,"12,42,991","1,88,518","3,59,064","6,50,998","44,411"
FJI,Fiji,30-07-2020 17:40,19-Mar-20,Upper middle income,East Asia and Pacific,Open,2009,2016,2012,2005,-17.7941,177.9783,"2,29,247","9,149","1,10,127","97,254","12,717"
TUV,Tuvalu,30-07-2020 17:40,23-Mar-20,Upper middle income,East Asia and Pacific,Open,2018,2018,2018,,-7.4786,178.6758,"3,088",675,"1,324","1,089",
TON,Tonga,30-07-2020 17:40,27-Mar-20,Upper middle income,East Asia and Pacific,Open,2015,2015,2015,2003,-21.167,-175.19,"35,704","2,254","16,982","15,800",668
BDI,Burundi,30-07-2020 17:40,"schools are running as usual except ""Ecole Francaise"" and ""Ecole Belge"". ",Low income,Sub-Saharan Africa,Open,2018,2018,2018,2017,-3.333,29.749,"30,15,054","1,07,591","21,70,884","6,74,855","61,724"
COM,Comoros,30-07-2020 17:40,,Lower middle income,Sub-Saharan Africa,"Null, No information available, Not known",2018,2018,2018,2014,-11.6527,43.3307,"2,19,609","15,175","1,24,240","73,695","6,499"
KIR,Kiribati,30-07-2020 17:40,,Lower middle income,East Asia and Pacific,"Null, No information available, Not known",2003,2017,2008,,2.048,-158.59,"33,152","4,874","16,695","11,583",
MAC,"Macao SAR, China",30-07-2020 17:40,,High income,East Asia and Pacific,"Null, No information available, Not known",2018,2018,2018,2018,22.1404,113.5643,"1,08,677","18,802","30,169","26,608","33,098"
NRU,Nauru,30-07-2020 17:40,,Upper middle income,East Asia and Pacific,"Null, No information available, Not known",2016,2016,2016,,-0.5287,166.9315,"3,475",675,"1,808",992,
SLB,Solomon Islands,30-07-2020 17:40,,Lower middle income,East Asia and Pacific,"Null, No information available, Not known",2018,2018,2012,,-9.5987,160.1487,"1,95,749","48,661","1,05,428","41,660",
VUT,Vanuatu,30-07-2020 17:40,,Lower middle income,East Asia and Pacific,"Null, No information available, Not known",2015,2015,2015,2004,-15.339,166.89,"81,755","14,301","45,931","20,568",955
WSM,Samoa,30-07-2020 17:40,,Upper middle income,East Asia and Pacific,"Null, No information available, Not known",2018,2018,2016,2000,-13.6221,-172.439,"65,380","5,111","33,123","25,964","1,182"
